embedder,run_id,target_id,design_index,sequence,gravy,charge_at_pH,charge_ph,metric_status
one_hot,one_hot__27bc5067,pdb_00009d3j_E_F,1,VTTGGQVPTRRVVRGLLVQYFPRTLLKTRL,0.0066666666666666,5.518014044600781,7.4,ok
one_hot,one_hot__27bc5067,pdb_00009d3j_E_F,0,ATGTRADAKPGLTVGKDDFPPPSWRSSTTS,-0.8766666666666667,0.6040803285951726,7.4,ok
biopython,biopython__6c1b9439,pdb_00009d3j_E_F,1,VGGGGQVPGGWVVVGLLVQYFPLVLLKGAL,1.243333333333333,0.518139635767648,7.4,ok
biopython,biopython__6c1b9439,pdb_00009d3j_E_F,0,AVGSVAESKEGLSVGKEDFPPVSWPSSVKS,-0.2333333333333332,-1.3959057130958428,7.4,ok
pyrosetta_pre,pyrosetta_pre__16206b0a,pdb_00009d3j_E_F,1,VKGGGAVLGGRVVRGLSVQYFPRVFEKARL,0.2299999999999999,4.516654331106713,7.4,ok
pyrosetta_pre,pyrosetta_pre__16206b0a,pdb_00009d3j_E_F,0,AVGSEAEAKEGLSVGKEDFKLVSWESSVKS,-0.3633333333333334,-2.3961697838834395,7.4,ok
esm2,esm2__83a2d8f5,pdb_00009d3j_E_F,1,LLLSLQVPSSRVVRLLSVQYFPRVLLKARL,0.7733333333333333,4.552341209298884,7.4,ok
esm2,esm2__83a2d8f5,pdb_00009d3j_E_F,0,AVLSRADSSENLSVQYQNFPPPSQRSSVSS,-0.6733333333333336,-0.3931862861077064,7.4,ok
esm3,esm3__2f193b39,pdb_00009d3j_E_F,1,VVGGGQVLGIRVVRGLSVQYFGRVFSKAIL,0.9166666666666666,3.5180642810675278,7.4,ok
esm3,esm3__2f193b39,pdb_00009d3j_E_F,0,AVGSVADSKEGLSVGKVDFKLVSWRSSVSS,0.1333333333333333,0.6022741309461006,7.4,ok
esmif,esmif__cd252270,pdb_00009d3j_E_F,1,VQGGGQVPGGRVVRGLDVQYFPRVFLKAIL,0.34,2.518510765222532,7.4,ok
esmif,esmif__cd252270,pdb_00009d3j_E_F,0,AVGSRADAKPGLSVGKQDFPPPSQPSSVKS,-0.6533333333333334,1.601153370006256,7.4,ok
proteinmpnn,proteinmpnn__c66a93c7,pdb_00009d3j_E_F,1,VVLSGQVLGGRVVRGLLVQYFVRVLLKARL,1.073333333333333,4.518039162834154,7.4,ok
proteinmpnn,proteinmpnn__c66a93c7,pdb_00009d3j_E_F,0,AVGSVAVSKEGLSVGKQVSVLVSWRSSVAS,0.6266666666666665,1.603886755303376,7.4,ok
