embedder,status,failure_stage,run_id,split,n_examples,n_tokens,nll,perplexity,prediction_rows,successful_predictions,training_curve,training_plot,evaluation,predictions,embedding_benchmark_current,embedding_comparison_eligible,embedding_suite_id,embedding_cohort_id,embedding_fresh_records,embedding_reused_records,embedding_model_load_seconds,embedding_compute_seconds,embedding_serialization_seconds,embedding_total_seconds,embedding_seconds_per_structure,embedding_residues_per_second,embedding_peak_vram_mib,embedding_peak_torch_allocated_mib,embedding_peak_torch_reserved_mib,launcher_timing_scope,peak_vram_mib,wall_seconds,weights_wall_seconds,core_wall_seconds,analysis_wall_seconds
one_hot,core_complete_analysis_incomplete,analysis,one_hot__d6c4d78b,test,852,98684,0.9357514259957372,2.5491282194586145,426,426,artifacts/runs/one_hot__d6c4d78b/training_curve.csv,artifacts/runs/one_hot__d6c4d78b/training_curve.png,artifacts/runs/one_hot__d6c4d78b/eval.json,artifacts/runs/one_hot__d6c4d78b/predictions_test.csv,False,False,,,,,,,,,,,,,,end_to_end_commands_including_setup,10940.0,3531.491925,1.235903,79.515083,3450.740939
one_hot,core_complete_analysis_incomplete,analysis,one_hot__d6c4d78b,train,5272,610316,0.2722648567565237,1.3129346948893947,426,426,artifacts/runs/one_hot__d6c4d78b/training_curve.csv,artifacts/runs/one_hot__d6c4d78b/training_curve.png,artifacts/runs/one_hot__d6c4d78b/eval.json,artifacts/runs/one_hot__d6c4d78b/predictions_test.csv,False,False,,,,,,,,,,,,,,end_to_end_commands_including_setup,10940.0,3531.491925,1.235903,79.515083,3450.740939
one_hot,core_complete_analysis_incomplete,analysis,one_hot__d6c4d78b,val,264,30397,0.9792791498098757,2.662536260233569,426,426,artifacts/runs/one_hot__d6c4d78b/training_curve.csv,artifacts/runs/one_hot__d6c4d78b/training_curve.png,artifacts/runs/one_hot__d6c4d78b/eval.json,artifacts/runs/one_hot__d6c4d78b/predictions_test.csv,False,False,,,,,,,,,,,,,,end_to_end_commands_including_setup,10940.0,3531.491925,1.235903,79.515083,3450.740939
biopython,core_complete_analysis_incomplete,analysis,biopython__a6619051,test,852,98684,0.9220467277473992,2.5144314836184973,426,426,artifacts/runs/biopython__a6619051/training_curve.csv,artifacts/runs/biopython__a6619051/training_curve.png,artifacts/runs/biopython__a6619051/eval.json,artifacts/runs/biopython__a6619051/predictions_test.csv,False,False,,,,,,,,,,,,,,end_to_end_commands_including_setup,11012.0,3633.455879,1.260324,80.438808,3551.756747
biopython,core_complete_analysis_incomplete,analysis,biopython__a6619051,train,5272,610316,0.311744454672897,1.3658056231850597,426,426,artifacts/runs/biopython__a6619051/training_curve.csv,artifacts/runs/biopython__a6619051/training_curve.png,artifacts/runs/biopython__a6619051/eval.json,artifacts/runs/biopython__a6619051/predictions_test.csv,False,False,,,,,,,,,,,,,,end_to_end_commands_including_setup,11012.0,3633.455879,1.260324,80.438808,3551.756747
biopython,core_complete_analysis_incomplete,analysis,biopython__a6619051,val,264,30397,0.9853551709595474,2.678763134355703,426,426,artifacts/runs/biopython__a6619051/training_curve.csv,artifacts/runs/biopython__a6619051/training_curve.png,artifacts/runs/biopython__a6619051/eval.json,artifacts/runs/biopython__a6619051/predictions_test.csv,False,False,,,,,,,,,,,,,,end_to_end_commands_including_setup,11012.0,3633.455879,1.260324,80.438808,3551.756747
pyrosetta_pre,core_complete_analysis_incomplete,analysis,pyrosetta_pre__71485738,test,852,98684,0.9111169366838167,2.487098914589155,426,426,artifacts/runs/pyrosetta_pre__71485738/training_curve.csv,artifacts/runs/pyrosetta_pre__71485738/training_curve.png,artifacts/runs/pyrosetta_pre__71485738/eval.json,artifacts/runs/pyrosetta_pre__71485738/predictions_test.csv,False,False,,,,,,,,,,,,,,end_to_end_commands_including_setup,10920.0,3562.9844120000002,2.5448779999999998,79.44805,3480.991484
pyrosetta_pre,core_complete_analysis_incomplete,analysis,pyrosetta_pre__71485738,train,5272,610316,0.31183914987164474,1.3659349645439043,426,426,artifacts/runs/pyrosetta_pre__71485738/training_curve.csv,artifacts/runs/pyrosetta_pre__71485738/training_curve.png,artifacts/runs/pyrosetta_pre__71485738/eval.json,artifacts/runs/pyrosetta_pre__71485738/predictions_test.csv,False,False,,,,,,,,,,,,,,end_to_end_commands_including_setup,10920.0,3562.9844120000002,2.5448779999999998,79.44805,3480.991484
pyrosetta_pre,core_complete_analysis_incomplete,analysis,pyrosetta_pre__71485738,val,264,30397,0.9769902352594045,2.656448911614478,426,426,artifacts/runs/pyrosetta_pre__71485738/training_curve.csv,artifacts/runs/pyrosetta_pre__71485738/training_curve.png,artifacts/runs/pyrosetta_pre__71485738/eval.json,artifacts/runs/pyrosetta_pre__71485738/predictions_test.csv,False,False,,,,,,,,,,,,,,end_to_end_commands_including_setup,10920.0,3562.9844120000002,2.5448779999999998,79.44805,3480.991484
esm2,core_complete_analysis_incomplete,analysis,esm2__c49369e9,test,852,98684,0.9141999194513659,2.4947784295074262,426,426,artifacts/runs/esm2__c49369e9/training_curve.csv,artifacts/runs/esm2__c49369e9/training_curve.png,artifacts/runs/esm2__c49369e9/eval.json,artifacts/runs/esm2__c49369e9/predictions_test.csv,False,False,,,,,,,,,,,,,,end_to_end_commands_including_setup,10972.0,3629.288552,2.517341,95.440747,3531.330464
esm2,core_complete_analysis_incomplete,analysis,esm2__c49369e9,train,5272,610316,0.3069184605852671,1.3592301327238077,426,426,artifacts/runs/esm2__c49369e9/training_curve.csv,artifacts/runs/esm2__c49369e9/training_curve.png,artifacts/runs/esm2__c49369e9/eval.json,artifacts/runs/esm2__c49369e9/predictions_test.csv,False,False,,,,,,,,,,,,,,end_to_end_commands_including_setup,10972.0,3629.288552,2.517341,95.440747,3531.330464
esm2,core_complete_analysis_incomplete,analysis,esm2__c49369e9,val,264,30397,0.9855957392491757,2.6794076373416367,426,426,artifacts/runs/esm2__c49369e9/training_curve.csv,artifacts/runs/esm2__c49369e9/training_curve.png,artifacts/runs/esm2__c49369e9/eval.json,artifacts/runs/esm2__c49369e9/predictions_test.csv,False,False,,,,,,,,,,,,,,end_to_end_commands_including_setup,10972.0,3629.288552,2.517341,95.440747,3531.330464
esm3,core_complete_analysis_incomplete,analysis,esm3__e29d3709,test,852,98684,0.9088908241205043,2.48156851038419,426,426,artifacts/runs/esm3__e29d3709/training_curve.csv,artifacts/runs/esm3__e29d3709/training_curve.png,artifacts/runs/esm3__e29d3709/eval.json,artifacts/runs/esm3__e29d3709/predictions_test.csv,False,False,,,,,,,,,,,,,,end_to_end_commands_including_setup,588.0,89.94842299999999,2.598063,87.35036,
esm3,core_complete_analysis_incomplete,analysis,esm3__e29d3709,train,5272,610316,0.30888561834719525,1.3619065844679625,426,426,artifacts/runs/esm3__e29d3709/training_curve.csv,artifacts/runs/esm3__e29d3709/training_curve.png,artifacts/runs/esm3__e29d3709/eval.json,artifacts/runs/esm3__e29d3709/predictions_test.csv,False,False,,,,,,,,,,,,,,end_to_end_commands_including_setup,588.0,89.94842299999999,2.598063,87.35036,
esm3,core_complete_analysis_incomplete,analysis,esm3__e29d3709,val,264,30397,0.9971274882172638,2.7104847358595414,426,426,artifacts/runs/esm3__e29d3709/training_curve.csv,artifacts/runs/esm3__e29d3709/training_curve.png,artifacts/runs/esm3__e29d3709/eval.json,artifacts/runs/esm3__e29d3709/predictions_test.csv,False,False,,,,,,,,,,,,,,end_to_end_commands_including_setup,588.0,89.94842299999999,2.598063,87.35036,
esmif,failed_or_incomplete,evaluation,esmif__ff51cc09,,,,,,,,artifacts/runs/esmif__ff51cc09/training_curve.csv,artifacts/runs/esmif__ff51cc09/training_curve.png,,,False,False,,,,,,,,,,,,,,end_to_end_commands_including_setup,0.0,1.355198,1.355198,,
proteinmpnn,failed_or_incomplete,evaluation,proteinmpnn__1882676e,,,,,,,,artifacts/runs/proteinmpnn__1882676e/training_curve.csv,artifacts/runs/proteinmpnn__1882676e/training_curve.png,,,False,False,,,,,,,,,,,,,,end_to_end_commands_including_setup,,,,,
