embedder,status,failure_stage,run_id,split,n_examples,n_tokens,nll,perplexity,prediction_rows,successful_predictions,training_curve,training_plot,evaluation,predictions
one_hot,complete,,one_hot__5a3e5f6e,test,426,52077,0.9960032799826182,2.707439298773078,426,426,artifacts/runs/one_hot__5a3e5f6e/training_curve.csv,artifacts/runs/one_hot__5a3e5f6e/training_curve.png,artifacts/runs/one_hot__5a3e5f6e/eval.json,artifacts/runs/one_hot__5a3e5f6e/predictions_test.csv
one_hot,complete,,one_hot__5a3e5f6e,train,2636,320058,0.4731957595792483,1.605115568971223,426,426,artifacts/runs/one_hot__5a3e5f6e/training_curve.csv,artifacts/runs/one_hot__5a3e5f6e/training_curve.png,artifacts/runs/one_hot__5a3e5f6e/eval.json,artifacts/runs/one_hot__5a3e5f6e/predictions_test.csv
one_hot,complete,,one_hot__5a3e5f6e,val,132,16050,0.9142356184189936,2.4948674921115317,426,426,artifacts/runs/one_hot__5a3e5f6e/training_curve.csv,artifacts/runs/one_hot__5a3e5f6e/training_curve.png,artifacts/runs/one_hot__5a3e5f6e/eval.json,artifacts/runs/one_hot__5a3e5f6e/predictions_test.csv
biopython,failed_or_incomplete,training,biopython__91ed608c,,,,,,,,,,,
pyrosetta_pre,failed_or_incomplete,training,pyrosetta_pre__ab5c1ee0,,,,,,,,,,,
esm2,failed_or_incomplete,training,esm2__d51bd8f1,,,,,,,,,,,
esm3,failed_or_incomplete,training,esm3__d20af8f2,,,,,,,,,,,
esmif,failed_or_incomplete,training,esmif__a21ea226,,,,,,,,,,,
proteinmpnn,failed_or_incomplete,training,proteinmpnn__f4da6140,,,,,,,,,,,
