embedder,run_id,target_id,design_index,sequence,predictor,sample_index,confidence_score,ptm,iptm,complex_plddt,mean_pae,has_inter_chain_clashes,structure_path,status
biopython,biopython__1d2dc0d0,pdb_00009d3j_E_F,1,VWEPILESTQEFKGIGQQQEWIQFAGISPS,boltz2,0,0.7655380964279175,0.7958519458770752,0.5596343874931335,0.8170139789581299,8.391849517822266,,artifacts/analysis/biopython__1d2dc0d0/structures/pdb_00009d3j_E_F/boltz2_raw/outputs/boltz_results_inputs/predictions/design_000001/design_000001_model_0.cif,ok
biopython,biopython__1d2dc0d0,pdb_00009d3j_E_F,1,VWEPILESTQEFKGIGQQQEWIQFAGISPS,chai,0,0.3300652801990509,0.678240180015564,0.243021547794342,0.8135091066360474,10.067449569702148,0.0,artifacts/analysis/biopython__1d2dc0d0/structures/pdb_00009d3j_E_F/chai_raw/design_000001/prediction/pred.model_idx_0.cif,ok
esm2,esm2__c3519f08,pdb_00009d3j_E_F,1,IEEPIQEATQEFVGIGQQQEWDQFAFISPS,boltz2,0,0.8207692503929138,0.8756260871887207,0.7539772391319275,0.8374671936035156,5.260263919830322,,artifacts/analysis/esm2__c3519f08/structures/pdb_00009d3j_E_F/boltz2_raw/outputs/boltz_results_inputs/predictions/design_000001/design_000001_model_0.cif,ok
esm2,esm2__c3519f08,pdb_00009d3j_E_F,1,IEEPIQEATQEFVGIGQQQEWDQFAFISPS,chai,0,0.3575866222381592,0.6910203695297241,0.2742281854152679,0.8392563462257385,9.789294242858888,0.0,artifacts/analysis/esm2__c3519f08/structures/pdb_00009d3j_E_F/chai_raw/design_000001/prediction/pred.model_idx_0.cif,ok
esm3,esm3__d2acbc1a,pdb_00009d3j_E_F,1,VWEPIQEATQEFKGIGQQQEWIQFAGISPS,boltz2,0,0.6956466436386108,0.7296836972236633,0.4306798279285431,0.761888325214386,9.523399353027344,,artifacts/analysis/esm3__d2acbc1a/structures/pdb_00009d3j_E_F/boltz2_raw/outputs/boltz_results_inputs/predictions/design_000001/design_000001_model_0.cif,ok
esm3,esm3__d2acbc1a,pdb_00009d3j_E_F,1,VWEPIQEATQEFKGIGQQQEWIQFAGISPS,chai,0,0.347510814666748,0.6779398918151855,0.2649035453796386,0.8164629936218262,9.788687705993652,0.0,artifacts/analysis/esm3__d2acbc1a/structures/pdb_00009d3j_E_F/chai_raw/design_000001/prediction/pred.model_idx_0.cif,ok
esmif,esmif__3085531a,pdb_00009d3j_E_F,1,VEEPIQESTQEFVGIGQQQEWDQFAGISPS,boltz2,0,0.8345115780830383,0.9131198525428772,0.8225903511047363,0.8374919295310974,4.276311874389648,,artifacts/analysis/esmif__3085531a/structures/pdb_00009d3j_E_F/boltz2_raw/outputs/boltz_results_inputs/predictions/design_000001/design_000001_model_0.cif,ok
esmif,esmif__3085531a,pdb_00009d3j_E_F,1,VEEPIQESTQEFVGIGQQQEWDQFAGISPS,chai,0,0.276809424161911,0.6619258522987366,0.1805302947759628,0.794625461101532,11.611797332763672,0.0,artifacts/analysis/esmif__3085531a/structures/pdb_00009d3j_E_F/chai_raw/design_000001/prediction/pred.model_idx_0.cif,ok
one_hot,one_hot__3e3ad76d,pdb_00009d3j_E_F,1,VWEPILEATQEFVGIGQQQEWIQFAGISPS,boltz2,0,0.7979907393455505,0.8391968011856079,0.6877650022506714,0.8255470991134644,6.144900798797607,,artifacts/analysis/one_hot__3e3ad76d/structures/pdb_00009d3j_E_F/boltz2_raw/outputs/boltz_results_inputs/predictions/design_000001/design_000001_model_0.cif,ok
one_hot,one_hot__3e3ad76d,pdb_00009d3j_E_F,1,VWEPILEATQEFVGIGQQQEWIQFAGISPS,chai,0,0.3439119160175323,0.6850725412368774,0.2586217522621155,0.8212105631828308,9.936108589172363,0.0,artifacts/analysis/one_hot__3e3ad76d/structures/pdb_00009d3j_E_F/chai_raw/design_000001/prediction/pred.model_idx_0.cif,ok
proteinmpnn,proteinmpnn__bfcd4184,pdb_00009d3j_E_F,1,VWEPIQEATQEFVGIGQQQEWDQFAGISPG,boltz2,0,0.8112597465515137,0.8800890445709229,0.7711080312728882,0.8212976455688477,5.029489517211914,,artifacts/analysis/proteinmpnn__bfcd4184/structures/pdb_00009d3j_E_F/boltz2_raw/outputs/boltz_results_inputs/predictions/design_000001/design_000001_model_0.cif,ok
proteinmpnn,proteinmpnn__bfcd4184,pdb_00009d3j_E_F,1,VWEPIQEATQEFVGIGQQQEWDQFAGISPG,chai,0,0.4056718349456787,0.702306866645813,0.3315130472183227,0.8285033106803894,9.384970664978027,0.0,artifacts/analysis/proteinmpnn__bfcd4184/structures/pdb_00009d3j_E_F/chai_raw/design_000001/prediction/pred.model_idx_0.cif,ok
pyrosetta_pre,pyrosetta_pre__f53020ee,pdb_00009d3j_E_F,1,VWEPILESTQEFVGIGQQQEWDQFAGISPS,boltz2,0,0.7506516575813293,0.812684178352356,0.5956092476844788,0.789412260055542,7.431849956512451,,artifacts/analysis/pyrosetta_pre__f53020ee/structures/pdb_00009d3j_E_F/boltz2_raw/outputs/boltz_results_inputs/predictions/design_000001/design_000001_model_0.cif,ok
pyrosetta_pre,pyrosetta_pre__f53020ee,pdb_00009d3j_E_F,1,VWEPILESTQEFVGIGQQQEWDQFAGISPS,chai,0,0.3526330590248108,0.6873259544372559,0.2689598202705383,0.8278622627258301,9.55287742614746,0.0,artifacts/analysis/pyrosetta_pre__f53020ee/structures/pdb_00009d3j_E_F/chai_raw/design_000001/prediction/pred.model_idx_0.cif,ok
