embedder,run_id,target_id,design_index,sequence,net_charge_pH7.4,instability_index,isoelectric_point,gravy_hydrophobicity,aromaticity,aliphatic_index,metric_status
one_hot,one_hot__3e3ad76d,pdb_00009d3j_E_F,1,VWEPILEATQEFVGIGQQQEWIQFAGISPS,-4.472366135138402,50.72666666666667,4.0500284194946286,-0.02,0.1333333333333333,91.0,ok
one_hot,one_hot__3e3ad76d,pdb_00009d3j_E_F,0,ATGIEAEAKEEISVQKETFPPPSQPSSTKS,-2.3941106753711576,91.41333333333333,4.652351188659668,-0.9233333333333336,0.0333333333333333,45.66666666666666,ok
biopython,biopython__1d2dc0d0,pdb_00009d3j_E_F,1,VWEPILESTQEFKGIGQQQEWIQFAGISPS,-3.474871727805688,52.13666666666666,4.093339729309082,-0.3766666666666666,0.1333333333333333,77.99999999999999,ok
biopython,biopython__1d2dc0d0,pdb_00009d3j_E_F,0,PTQIEAESKEGISVQKQDFPPPSQPSSTKS,-1.102379948100995,88.53666666666665,4.8718065261840815,-1.216666666666667,0.0333333333333333,39.0,ok
pyrosetta_pre,pyrosetta_pre__f53020ee,pdb_00009d3j_E_F,1,VWEPILESTQEFVGIGQQQEWDQFAGISPS,-5.471919650983398,57.14666666666666,4.0500284194946286,-0.3733333333333334,0.1333333333333333,74.66666666666667,ok
pyrosetta_pre,pyrosetta_pre__f53020ee,pdb_00009d3j_E_F,0,ATQIEAESKEEISVQKQDFPPPSQPSSTTS,-3.3922793594887124,108.65333333333332,4.2517499923706055,-1.1,0.0333333333333333,42.333333333333336,ok
esm2,esm2__c3519f08,pdb_00009d3j_E_F,1,IEEPIQEATQEFVGIGQQQEWDQFAFISPS,-6.436496843578823,79.07,4.0500284194946286,-0.4999999999999999,0.1333333333333333,68.33333333333333,ok
esm2,esm2__c3519f08,pdb_00009d3j_E_F,0,ATQIEAEAKEEITVQKQDFPPPSQPSSTTS,-3.3922793594887124,102.2333333333333,4.2517499923706055,-1.0100000000000002,0.0333333333333333,45.66666666666666,ok
esm3,esm3__d2acbc1a,pdb_00009d3j_E_F,1,VWEPIQEATQEFKGIGQQQEWIQFAGISPS,-3.474871727805688,45.71666666666667,4.093339729309082,-0.5333333333333333,0.1333333333333333,68.33333333333333,ok
esm3,esm3__d2acbc1a,pdb_00009d3j_E_F,0,PTQIEAESKEPISVQKQQFPPPSQPSSTKS,-0.1028264322559993,97.78666666666663,6.64057903289795,-1.256666666666667,0.0333333333333333,39.0,ok
esmif,esmif__3085531a,pdb_00009d3j_E_F,1,VEEPIQESTQEFVGIGQQQEWDQFAGISPS,-6.470798890043553,68.01333333333332,4.0500284194946286,-0.7033333333333334,0.1,61.66666666666667,ok
esmif,esmif__3085531a,pdb_00009d3j_E_F,0,ATQIEAESKEEISVQKQQFPPPSQPSSTKS,-1.3952314363110023,108.65333333333332,4.948311805725097,-1.2066666666666668,0.0333333333333333,42.333333333333336,ok
proteinmpnn,proteinmpnn__bfcd4184,pdb_00009d3j_E_F,1,VWEPIQEATQEFVGIGQQQEWDQFAGISPG,-5.471919650983398,44.30666666666667,4.0500284194946286,-0.5166666666666665,0.1333333333333333,65.0,ok
proteinmpnn,proteinmpnn__bfcd4184,pdb_00009d3j_E_F,0,PTGIEAESKEGISVQKQDFPPPSQPSSTTS,-2.099874355433709,85.38999999999999,4.407602500915528,-1.0066666666666668,0.0333333333333333,39.0,ok
