embedder,run_id,target_id,design_index,sequence,predictor,sample_index,structure_path,interface,scorefxn,dG_separated,dSASA_int,dG_dSASA_x100,delta_unsat_hbonds,hbonds_int,nres_int,status
one_hot,one_hot__3e3ad76d,pdb_00009d3j_E_F,1,VWEPILEATQEFVGIGQQQEWIQFAGISPS,boltz2,0,artifacts/analysis/one_hot__3e3ad76d/structures/pdb_00009d3j_E_F/boltz2_raw/outputs/boltz_results_inputs/predictions/design_000001/design_000001_model_0.cif,HL_AG1,ref2015,66.82633052467949,518.7491339255374,12.88220570490088,2.0,2.0,18.0,ok
one_hot,one_hot__3e3ad76d,pdb_00009d3j_E_F,1,VWEPILEATQEFVGIGQQQEWIQFAGISPS,chai,0,artifacts/analysis/one_hot__3e3ad76d/structures/pdb_00009d3j_E_F/chai_raw/design_000001/prediction/pred.model_idx_0.cif,AB_C,ref2015,782.2828979092462,2366.29699113719,33.05937085831725,13.0,1.0,88.0,ok
biopython,biopython__1d2dc0d0,pdb_00009d3j_E_F,1,VWEPILESTQEFKGIGQQQEWIQFAGISPS,boltz2,0,artifacts/analysis/biopython__1d2dc0d0/structures/pdb_00009d3j_E_F/boltz2_raw/outputs/boltz_results_inputs/predictions/design_000001/design_000001_model_0.cif,HL_AG1,ref2015,132.82016590303533,1327.2414319292236,10.007234758334317,10.0,1.0,52.0,ok
biopython,biopython__1d2dc0d0,pdb_00009d3j_E_F,1,VWEPILESTQEFKGIGQQQEWIQFAGISPS,chai,0,artifacts/analysis/biopython__1d2dc0d0/structures/pdb_00009d3j_E_F/chai_raw/design_000001/prediction/pred.model_idx_0.cif,AB_C,ref2015,263.89450946635066,2113.0042295139983,12.489066788429842,16.0,2.0,80.0,ok
pyrosetta_pre,pyrosetta_pre__f53020ee,pdb_00009d3j_E_F,1,VWEPILESTQEFVGIGQQQEWDQFAGISPS,boltz2,0,artifacts/analysis/pyrosetta_pre__f53020ee/structures/pdb_00009d3j_E_F/boltz2_raw/outputs/boltz_results_inputs/predictions/design_000001/design_000001_model_0.cif,HL_AG1,ref2015,173.7131772876862,1540.442429230328,11.276836705574311,11.0,0.0,48.0,ok
pyrosetta_pre,pyrosetta_pre__f53020ee,pdb_00009d3j_E_F,1,VWEPILESTQEFVGIGQQQEWDQFAGISPS,chai,0,artifacts/analysis/pyrosetta_pre__f53020ee/structures/pdb_00009d3j_E_F/chai_raw/design_000001/prediction/pred.model_idx_0.cif,AB_C,ref2015,1013.861520572093,2584.964220029202,39.22149145107469,22.0,3.0,92.0,ok
esm2,esm2__c3519f08,pdb_00009d3j_E_F,1,IEEPIQEATQEFVGIGQQQEWDQFAFISPS,boltz2,0,artifacts/analysis/esm2__c3519f08/structures/pdb_00009d3j_E_F/boltz2_raw/outputs/boltz_results_inputs/predictions/design_000001/design_000001_model_0.cif,HL_AG1,ref2015,25.13673153576319,1709.7181046849792,1.4702266687638958,17.0,2.0,57.0,ok
esm2,esm2__c3519f08,pdb_00009d3j_E_F,1,IEEPIQEATQEFVGIGQQQEWDQFAFISPS,chai,0,artifacts/analysis/esm2__c3519f08/structures/pdb_00009d3j_E_F/chai_raw/design_000001/prediction/pred.model_idx_0.cif,AB_C,ref2015,179.0374507531361,1994.1565615767292,8.978104036704906,10.0,2.0,72.0,ok
esm3,esm3__d2acbc1a,pdb_00009d3j_E_F,1,VWEPIQEATQEFKGIGQQQEWIQFAGISPS,boltz2,0,artifacts/analysis/esm3__d2acbc1a/structures/pdb_00009d3j_E_F/boltz2_raw/outputs/boltz_results_inputs/predictions/design_000001/design_000001_model_0.cif,HL_AG1,ref2015,-3.450853768503606,464.57613076854665,-0.7427961834360433,3.0,1.0,14.0,ok
esm3,esm3__d2acbc1a,pdb_00009d3j_E_F,1,VWEPIQEATQEFKGIGQQQEWIQFAGISPS,chai,0,artifacts/analysis/esm3__d2acbc1a/structures/pdb_00009d3j_E_F/chai_raw/design_000001/prediction/pred.model_idx_0.cif,AB_C,ref2015,275.9804074562371,2437.058410235101,11.324324698053235,23.0,2.0,96.0,ok
esmif,esmif__3085531a,pdb_00009d3j_E_F,1,VEEPIQESTQEFVGIGQQQEWDQFAGISPS,boltz2,0,artifacts/analysis/esmif__3085531a/structures/pdb_00009d3j_E_F/boltz2_raw/outputs/boltz_results_inputs/predictions/design_000001/design_000001_model_0.cif,HL_AG1,ref2015,13.127834145623126,1673.1471659133715,0.784619214201438,7.0,0.0,54.0,ok
esmif,esmif__3085531a,pdb_00009d3j_E_F,1,VEEPIQESTQEFVGIGQQQEWDQFAGISPS,chai,0,artifacts/analysis/esmif__3085531a/structures/pdb_00009d3j_E_F/chai_raw/design_000001/prediction/pred.model_idx_0.cif,AB_C,ref2015,584.1998836073867,1554.876162517981,37.57211652542978,21.0,1.0,56.0,ok
proteinmpnn,proteinmpnn__bfcd4184,pdb_00009d3j_E_F,1,VWEPIQEATQEFVGIGQQQEWDQFAGISPG,boltz2,0,artifacts/analysis/proteinmpnn__bfcd4184/structures/pdb_00009d3j_E_F/boltz2_raw/outputs/boltz_results_inputs/predictions/design_000001/design_000001_model_0.cif,HL_AG1,ref2015,86.62162857211436,1195.1368402842606,7.247841891603945,7.0,3.0,46.0,ok
proteinmpnn,proteinmpnn__bfcd4184,pdb_00009d3j_E_F,1,VWEPIQEATQEFVGIGQQQEWDQFAGISPG,chai,0,artifacts/analysis/proteinmpnn__bfcd4184/structures/pdb_00009d3j_E_F/chai_raw/design_000001/prediction/pred.model_idx_0.cif,AB_C,ref2015,290.90733390120533,2287.9837340483946,12.714571767801395,13.0,2.0,92.0,ok
